Вхождение,Регистрозависимое,Полное слово,Куда
justice,,,Право
LLB,y,,Право
Law,y,y,Право
laws,,y,Право
legal practice,,,Право
war,,y,Международые отношения
fashion,,,Мода
hospitalit,,,Гостеприимство
touris,,,Гостеприимство и туризм
,,,
,,,
business analys,,,Бизнес
accounting,,,Финансы
fintech,,,Финансы
financ,,,Финансы
of business administr,,,Бизнес
advertis,,,Маркетинг
MBA,y,,Бизнес
entreprene,,,Бизнес
HR,y,y,Менеджмент
human resour,,,Менеджмент
football,,,Спорт
English,y,y,Английский
therap,,,Психология
sound,,y,Искусство
drawing,,,Искусство
theatre,,,Искусство
fine art,,,Искусство
music,,,Искусство
drama,,,Искусство
investm,,,Финансы
econom,,,Экономика
event management,,y,Гостеприимство и туризм
photograph,,,Арт и дизайн
illustrat,,,Арт и дизайн
animation,,,Арт и дизайн
robot,,,Инженерия
interior,,,Архитектура
hotel,,,Гостеприимство
psycho,,,Психология
lighting,,,Медиа
textile,,,Мода
actuar,,,Финансы
international relat,,,Международые отношения
politic,,,Международые отношения
public polic,,,Международые отношения
affair,,,Международые отношения
governance,,,Международые отношения
european,,,Международые отношения
game developm,,,IT
programm,,,IT
game design,,,IT
artificial,,,IT
information technolog,,,IT
machine learning,,,IT
data science,,,IT
comput,,,IT
software,,,IT
cyber,,,IT
computer science,,y,IT
architect,,,Архитектура
urban,,,Архитектура
engineer,,,Инженерия
product desig,,,Инженерия
radio,,y,Медиа
streaming,,,Медиа
content,,,Медиа
TV,y,,Медиа
television,,,Медиа
podcast,,,Медиа
journal,,,Медиа
media,,,Медиа
film,,y,Медиа
filmmaking,,y,Медиа
public relat,,,Медиа
landscape,,,Архитектура
game art,,,Арт и дизайн
graphic,,y,Арт и дизайн
visual,,y,Арт и дизайн
design,,y,Арт и дизайн
AI,y,y,IT
marketing,,,Маркетинг
Energy,,,Инженерия
nano,,,Инженерия
Power,y,y,Инженерия
water,,,Инженерия
construct,,,Инженерия
management,,,Менеджмент
administr,,,Менеджмент
athlet,,,Спорт
sport,,,Спорт
strength and condit,,,Спорт
communic,,,Медиа
leadership,,,Менеджмент
public services,,,Менеджмент
business,,,Бизнес
health,,,Медицина и здравоохранение
food,,,Медицина и здравоохранение
nutrit,,,Медицина и здравоохранение
nursing,,y,Медицина и здравоохранение
nurse,,y,Медицина и здравоохранение
physician,,,Медицина и здравоохранение
medic,,,Медицина и здравоохранение
radiolog,,,Медицина и здравоохранение
veterinar,,,Медицина и здравоохранение
pharmac,,,Медицина и здравоохранение
dent,,,Медицина и здравоохранение
therap,,,Медицина и здравоохранение
immunolo,,,Медицина и здравоохранение
,,,
,,,
,,,
histor,,,Фильтр
chemi,,,Фильтр